cvb3_site,cvb3_outer_surface
1,no
2,no
3,no
4,no
5,no
6,no
7,no
8,no
9,no
10,no
11,no
12,no
13,no
14,no
15,no
16,no
17,no
18,no
19,no
20,no
21,no
22,no
23,no
24,no
25,no
26,no
27,no
28,no
29,no
30,no
31,no
32,no
33,no
34,no
35,no
36,no
37,no
38,no
39,no
40,no
41,no
42,no
43,no
44,no
45,no
46,no
47,no
48,no
49,no
50,no
51,no
52,no
53,no
54,no
55,no
56,no
57,no
58,no
59,no
60,no
61,no
62,no
63,no
64,no
65,no
66,no
67,no
68,no
69,no
70,no
71,no
72,no
73,no
74,no
75,no
76,no
77,no
78,no
79,no
80,no
81,no
82,no
83,no
84,no
85,no
86,no
87,no
88,no
89,no
90,no
91,no
92,no
93,no
94,no
95,no
96,no
97,no
98,no
99,no
100,no
101,no
102,no
103,no
104,no
105,no
106,no
107,no
108,no
109,no
110,no
111,no
112,no
113,no
114,no
115,no
116,no
117,no
118,no
119,no
120,no
121,no
122,no
123,no
124,no
125,no
126,no
127,no
128,no
129,no
130,no
131,no
132,no
133,no
134,yes
135,yes
136,yes
137,yes
138,yes
139,yes
140,no
141,yes
142,yes
143,yes
144,yes
145,yes
146,no
147,yes
148,no
149,yes
150,yes
151,no
152,no
153,yes
154,no
155,no
156,yes
157,yes
158,yes
159,yes
160,no
161,no
162,yes
163,yes
164,no
165,no
166,yes
167,no
168,no
169,no
170,no
171,no
172,no
173,no
174,no
175,no
176,no
177,no
178,no
179,no
180,no
181,yes
182,yes
183,yes
184,yes
185,yes
186,yes
187,yes
188,no
189,no
190,no
191,no
192,no
193,no
194,no
195,no
196,no
197,no
198,no
199,no
200,no
201,no
202,no
203,no
204,yes
205,yes
206,yes
207,yes
208,yes
209,yes
210,yes
211,yes
212,yes
213,yes
214,yes
215,no
216,yes
217,yes
218,yes
219,yes
220,yes
221,yes
222,yes
223,yes
224,yes
225,yes
226,yes
227,yes
228,yes
229,yes
230,yes
231,yes
232,yes
233,yes
234,yes
235,yes
236,yes
237,no
238,yes
239,yes
240,no
241,yes
242,yes
243,no
244,no
245,no
246,yes
247,no
248,yes
249,yes
250,no
251,no
252,no
253,no
254,no
255,no
256,no
257,no
258,no
259,no
260,no
261,no
262,no
263,yes
264,yes
265,no
266,no
267,no
268,no
269,no
270,no
271,no
272,no
273,no
274,no
275,no
276,no
277,no
278,no
279,no
280,no
281,no
282,no
283,no
284,no
285,yes
286,no
287,no
288,no
289,no
290,no
291,no
292,no
293,no
294,no
295,no
296,yes
297,no
298,no
299,yes
300,no
301,yes
302,yes
303,yes
304,yes
305,yes
306,yes
307,yes
308,yes
309,yes
310,yes
311,yes
312,no
313,yes
314,no
315,no
316,no
317,no
318,no
319,no
320,no
321,no
322,no
323,no
324,no
325,no
326,no
327,no
328,yes
329,yes
330,yes
331,yes
332,yes
333,no
334,no
335,no
336,no
337,no
338,no
339,no
340,no
341,no
342,no
343,no
344,no
345,no
346,no
347,no
348,no
349,no
350,no
351,no
352,no
353,no
354,no
355,no
356,no
357,no
358,no
359,no
360,no
361,no
362,no
363,no
364,no
365,no
366,no
367,no
368,no
369,no
370,no
371,no
372,no
373,no
374,no
375,no
376,no
377,no
378,no
379,no
380,no
381,no
382,no
383,no
384,yes
385,no
386,yes
387,no
388,yes
389,no
390,yes
391,yes
392,yes
393,yes
394,yes
395,yes
396,yes
397,yes
398,yes
399,no
400,no
401,yes
402,yes
403,yes
404,yes
405,yes
406,yes
407,yes
408,yes
409,yes
410,yes
411,yes
412,yes
413,yes
414,yes
415,yes
416,no
417,no
418,yes
419,no
420,yes
421,no
422,yes
423,yes
424,yes
425,no
426,no
427,no
428,no
429,yes
430,no
431,no
432,no
433,no
434,no
435,no
436,no
437,no
438,no
439,no
440,no
441,no
442,no
443,no
444,no
445,no
446,no
447,no
448,no
449,no
450,no
451,no
452,no
453,no
454,no
455,no
456,yes
457,yes
458,yes
459,yes
460,yes
461,yes
462,no
463,no
464,no
465,no
466,no
467,yes
468,no
469,yes
470,yes
471,yes
472,yes
473,yes
474,yes
475,yes
476,yes
477,yes
478,yes
479,yes
480,no
481,no
482,no
483,no
484,no
485,no
486,no
487,no
488,no
489,no
490,no
491,no
492,no
493,no
494,no
495,no
496,no
497,no
498,no
499,no
500,no
501,no
502,no
503,no
504,no
505,no
506,no
507,no
508,no
509,no
510,no
511,no
512,yes
513,yes
514,yes
515,yes
516,no
517,no
518,yes
519,no
520,yes
521,yes
522,no
523,yes
524,yes
525,yes
526,yes
527,yes
528,yes
529,yes
530,no
531,yes
532,yes
533,yes
534,yes
535,yes
536,yes
537,yes
538,yes
539,yes
540,no
541,yes
542,yes
543,no
544,no
545,no
546,no
547,no
548,no
549,no
550,no
551,no
552,no
553,no
554,no
555,no
556,no
557,no
558,no
559,no
560,no
561,yes
562,yes
563,no
564,yes
565,yes
566,yes
567,yes
568,yes
569,yes
570,yes
571,no
572,no
573,no
574,no
575,no
576,no
577,no
578,no
579,no
580,no
581,no
582,no
583,no
584,no
585,no
586,no
587,no
588,no
589,no
590,no
591,no
592,no
593,no
594,no
595,no
596,no
597,no
598,no
599,no
600,no
601,no
602,no
603,no
604,no
605,no
606,no
607,no
608,no
609,no
610,no
611,no
612,no
613,no
614,no
615,no
616,no
617,no
618,no
619,no
620,no
621,no
622,no
623,no
624,no
625,no
626,no
627,no
628,no
629,no
630,no
631,no
632,no
633,no
634,no
635,no
636,no
637,no
638,no
639,no
640,no
641,no
642,no
643,yes
644,no
645,yes
646,yes
647,yes
648,yes
649,no
650,yes
651,yes
652,yes
653,yes
654,yes
655,yes
656,yes
657,yes
658,no
659,yes
660,yes
661,yes
662,yes
663,yes
664,yes
665,yes
666,yes
667,no
668,no
669,no
670,no
671,no
672,yes
673,no
674,no
675,no
676,no
677,no
678,no
679,no
680,no
681,no
682,no
683,no
684,no
685,no
686,no
687,no
688,no
689,yes
690,yes
691,no
692,no
693,yes
694,yes
695,yes
696,yes
697,yes
698,yes
699,yes
700,yes
701,yes
702,yes
703,yes
704,yes
705,yes
706,yes
707,yes
708,yes
709,no
710,no
711,yes
712,no
713,yes
714,yes
715,no
716,yes
717,yes
718,yes
719,yes
720,yes
721,yes
722,yes
723,yes
724,yes
725,yes
726,yes
727,yes
728,yes
729,yes
730,yes
731,no
732,no
733,no
734,no
735,no
736,no
737,no
738,yes
739,yes
740,yes
741,yes
742,yes
743,yes
744,no
745,no
746,no
747,no
748,no
749,no
750,no
751,no
752,no
753,no
754,no
755,no
756,no
757,no
758,no
759,no
760,no
761,no
762,no
763,no
764,no
765,no
766,yes
767,yes
768,yes
769,yes
770,yes
771,yes
772,yes
773,yes
774,yes
775,no
776,no
777,yes
778,yes
779,yes
780,yes
781,yes
782,yes
783,yes
784,yes
785,yes
786,yes
787,yes
788,yes
789,yes
790,yes
791,yes
792,yes
793,yes
794,no
795,yes
796,yes
797,yes
798,yes
799,no
800,yes
801,no
802,yes
803,yes
804,yes
805,yes
806,no
807,no
808,no
809,no
810,no
811,no
812,no
813,no
814,no
815,no
816,no
817,no
818,no
819,no
820,yes
821,yes
822,yes
823,no
824,yes
825,yes
826,yes
827,yes
828,yes
829,yes
830,yes
831,yes
832,yes
833,no
834,yes
835,yes
836,yes
837,yes
838,yes
839,yes
840,yes
841,yes
842,yes
843,yes
844,yes
845,yes
846,yes
847,yes
848,yes
849,yes
850,yes
851,yes
