eva71_site,eva71_outer_surface
1,no
2,no
3,no
4,no
5,no
6,no
7,no
8,no
9,no
10,no
11,no
12,no
13,no
14,no
15,no
16,no
17,no
18,no
19,no
20,no
21,no
22,no
23,no
24,no
25,no
26,no
27,no
28,no
29,no
30,no
31,no
32,no
33,no
34,no
35,no
36,no
37,no
38,no
39,no
40,no
41,no
42,no
43,no
44,no
45,no
46,no
47,no
48,no
49,no
50,no
51,no
52,no
53,no
54,no
55,no
56,no
57,no
58,no
59,no
60,no
61,no
62,no
63,no
64,no
65,no
66,no
67,no
68,no
69,no
70,no
71,no
72,no
73,no
74,no
75,no
76,no
77,no
78,no
79,no
80,no
81,no
82,no
83,no
84,no
85,no
86,no
87,no
88,no
89,no
90,no
91,no
92,no
93,no
94,no
95,no
96,no
97,no
98,no
99,no
100,no
101,no
102,no
103,no
104,no
105,no
106,no
107,no
108,no
109,no
110,no
111,no
112,no
113,no
114,no
115,no
116,no
117,no
118,no
119,no
120,no
121,no
122,no
123,no
124,no
125,no
126,no
127,no
128,no
129,no
130,no
131,no
132,no
133,no
134,yes
135,yes
136,yes
137,yes
138,yes
139,yes
140,no
141,yes
142,yes
143,yes
144,yes
145,yes
146,no
147,yes
148,no
149,no
150,no
151,no
152,no
153,yes
154,yes
155,no
156,yes
157,yes
158,yes
159,yes
160,no
161,no
162,no
163,yes
164,no
165,no
166,yes
167,no
168,no
169,no
170,no
171,no
172,no
173,no
174,no
175,no
176,no
177,no
178,no
179,no
180,no
181,no
182,yes
183,yes
184,yes
185,yes
186,yes
187,yes
188,no
189,no
190,no
191,no
192,no
193,no
194,no
195,no
196,no
197,no
198,no
199,no
200,yes
201,no
202,no
203,yes
204,yes
205,no
206,yes
207,no
208,yes
209,yes
210,yes
211,yes
212,yes
213,yes
214,yes
215,yes
216,yes
217,yes
218,yes
219,yes
220,no
221,yes
222,yes
223,yes
224,yes
225,yes
226,yes
227,yes
228,yes
229,no
230,yes
231,yes
232,yes
233,yes
234,no
235,no
236,no
237,yes
238,no
239,yes
240,no
241,no
242,no
243,no
244,no
245,no
246,no
247,no
248,no
249,no
250,no
251,no
252,no
253,no
254,yes
255,yes
256,no
257,no
258,no
259,no
260,no
261,no
262,no
263,no
264,no
265,no
266,no
267,no
268,no
269,no
270,no
271,no
272,no
273,no
274,no
275,no
276,yes
277,yes
278,no
279,no
280,no
281,no
282,no
283,no
284,no
285,no
286,no
287,yes
288,yes
289,no
290,yes
291,yes
292,yes
293,yes
294,yes
295,yes
296,yes
297,yes
298,yes
299,yes
300,yes
301,yes
302,yes
303,no
304,yes
305,no
306,no
307,no
308,no
309,no
310,no
311,no
312,no
313,no
314,no
315,no
316,no
317,no
318,no
319,yes
320,yes
321,yes
322,yes
323,yes
324,no
325,no
326,no
327,no
328,no
329,no
330,no
331,no
332,no
333,no
334,no
335,no
336,no
337,no
338,no
339,no
340,no
341,no
342,no
343,no
344,no
345,no
346,no
347,no
348,no
349,no
350,no
351,no
352,no
353,no
354,no
355,no
356,no
357,no
358,no
359,no
360,no
361,no
362,no
363,no
364,no
365,no
366,no
367,no
368,no
369,no
370,no
371,no
372,no
373,no
374,no
375,no
376,no
377,no
378,no
379,yes
380,no
381,yes
382,yes
383,yes
384,yes
385,yes
386,yes
387,yes
388,no
389,yes
390,yes
391,no
392,no
393,yes
394,no
395,yes
396,no
397,yes
398,yes
399,yes
400,yes
401,yes
402,yes
403,yes
404,yes
405,yes
406,yes
407,no
408,no
409,no
410,yes
411,no
412,yes
413,no
414,yes
415,yes
416,yes
417,yes
418,yes
419,no
420,yes
421,no
422,no
423,no
424,no
425,no
426,yes
427,no
428,no
429,yes
430,no
431,no
432,no
433,no
434,no
435,no
436,no
437,no
438,no
439,no
440,no
441,no
442,no
443,no
444,no
445,no
446,no
447,no
448,no
449,yes
450,no
451,yes
452,yes
453,no
454,no
455,no
456,no
457,no
458,no
459,yes
460,no
461,no
462,yes
463,yes
464,yes
465,yes
466,yes
467,yes
468,yes
469,yes
470,yes
471,yes
472,no
473,no
474,no
475,no
476,no
477,no
478,no
479,no
480,no
481,no
482,no
483,no
484,no
485,no
486,no
487,no
488,no
489,no
490,no
491,no
492,no
493,no
494,no
495,no
496,no
497,no
498,no
499,no
500,no
501,no
502,no
503,yes
504,yes
505,yes
506,yes
507,yes
508,yes
509,yes
510,yes
511,no
512,no
513,yes
514,no
515,yes
516,yes
517,no
518,no
519,yes
520,yes
521,yes
522,yes
523,yes
524,yes
525,no
526,yes
527,yes
528,yes
529,yes
530,yes
531,no
532,no
533,yes
534,yes
535,no
536,yes
537,no
538,no
539,no
540,no
541,no
542,no
543,no
544,no
545,no
546,no
547,no
548,no
549,no
550,no
551,no
552,no
553,no
554,yes
555,yes
556,yes
557,yes
558,yes
559,yes
560,yes
561,yes
562,yes
563,yes
564,yes
565,yes
566,no
567,no
568,no
569,no
570,no
571,no
572,no
573,no
574,no
575,no
576,no
577,no
578,no
579,no
580,no
581,no
582,no
583,no
584,no
585,no
586,no
587,no
588,no
589,no
590,no
591,no
592,no
593,no
594,no
595,no
596,no
597,no
598,no
599,no
600,no
601,no
602,no
603,no
604,no
605,no
606,no
607,no
608,no
609,no
610,no
611,no
612,no
613,no
614,no
615,no
616,no
617,no
618,no
619,no
620,no
621,no
622,no
623,no
624,no
625,no
626,no
627,no
628,no
629,no
630,no
631,no
632,no
633,no
634,no
635,no
636,no
637,no
638,no
639,no
640,no
641,no
642,no
643,no
644,no
645,no
646,no
647,no
648,no
649,no
650,no
651,no
652,no
653,yes
654,yes
655,no
656,no
657,yes
658,yes
659,yes
660,yes
661,yes
662,yes
663,yes
664,yes
665,yes
666,yes
667,yes
668,yes
669,yes
670,yes
671,yes
672,yes
673,yes
674,yes
675,yes
676,yes
677,yes
678,yes
679,yes
680,yes
681,yes
682,yes
683,yes
684,no
685,yes
686,yes
687,no
688,no
689,yes
690,no
691,no
692,no
693,no
694,no
695,no
696,no
697,no
698,no
699,no
700,no
701,no
702,yes
703,yes
704,yes
705,yes
706,yes
707,yes
708,yes
709,yes
710,yes
711,yes
712,yes
713,yes
714,yes
715,yes
716,no
717,no
718,yes
719,no
720,no
721,no
722,yes
723,yes
724,yes
725,yes
726,yes
727,yes
728,no
729,yes
730,yes
731,yes
732,yes
733,yes
734,yes
735,yes
736,yes
737,yes
738,yes
739,yes
740,no
741,yes
742,no
743,yes
744,yes
745,yes
746,yes
747,yes
748,yes
749,yes
750,yes
751,yes
752,yes
753,yes
754,no
755,no
756,no
757,no
758,no
759,no
760,no
761,no
762,no
763,no
764,no
765,no
766,no
767,no
768,no
769,yes
770,yes
771,no
772,no
773,yes
774,yes
775,yes
776,yes
777,yes
778,yes
779,yes
780,yes
781,yes
782,yes
783,yes
784,yes
785,yes
786,yes
787,yes
788,yes
789,yes
790,yes
791,yes
792,no
793,no
794,yes
795,no
796,yes
797,yes
798,yes
799,no
800,no
801,yes
802,yes
803,yes
804,yes
805,yes
806,yes
807,yes
808,yes
809,yes
810,yes
811,yes
812,no
813,yes
814,no
815,yes
816,no
817,yes
818,no
819,no
820,no
821,no
822,no
823,no
824,no
825,no
826,no
827,no
828,no
829,no
830,yes
831,no
832,yes
833,yes
834,yes
835,yes
836,yes
837,yes
838,yes
839,yes
840,yes
841,yes
842,yes
843,no
844,no
845,yes
846,yes
847,yes
848,yes
849,yes
850,yes
851,yes
852,yes
853,yes
854,yes
855,yes
856,yes
857,yes
858,yes
859,yes
860,yes
861,yes
862,yes
